title,description,content,url,image,publishedat,sourcename,sourceurl,country
"Mosca, 'il ministro della Difesa russo a Pyongyang incontra Kim'",Il ministro della Difesa russo Andrei Belousov ha incontrato oggi a Pyongyang il leader supremo nordcoreano Kim Jong Un per discutere dello stato e delle prospettive della cooperazione militare tra Russia e Corea del Nord. Lo scrive l'agenzia Interfax. (ANSA),Il ministro della Difesa russo Andrei Belousov ha incontrato oggi a Pyongyang il leader supremo nordcoreano Kim Jong Un per discutere dello stato e delle prospettive della cooperazione militare tra Russia e Corea del Nord. Lo scrive l'agenzia Interfa... [1144 chars],https://www.ansa.it/sito/notizie/topnews/2026/04/26/mosca-il-ministro-della-difesa-russo-a-pyongyang-incontra-kim_aefa3ef3-5acc-46bd-9829-1981b598e4f4.html,https://www.ansa.it/webimages/img_1129x635/2026/4/26/3c09a1328e94fbe929b0550a47670913.jpg,2026-04-26T19:33:00Z,ANSA,https://www.ansa.it,Nepal
"Iran’s top diplomat leaves Pakistan for Russia, Trump says Tehran can talk by phone",Iranian Foreign Minister Abbas Araghchi on Sunday squeezed in a trip to Oman before returning to Pakistan and then heading to Moscow for talks in a frantic diplomatic shuffle as mediators pressed to…,"Iran's foreign minister departed Islamabad for Moscow on Sunday, his ministry said, ping-ponging from capital to capital as mediators hoped to keep peace talks between Tehran and the United States alive.
Abbas Araghchi sandwiched a visit to Oman's Mu... [4445 chars]",https://www.france24.com/en/middle-east/20260426-iran-top-diplomat-pakistan-russia-oman-trump-says-tehran-talk-phone,https://s.france24.com/media/display/3c713578-4175-11f1-ac0a-005056a90284/w:1280/p:16x9/AP26116354137889-1.jpg,2026-04-26T19:32:54Z,France 24,https://www.france24.com,Nepal
Američanům u Drážďan vzplanul obrněný transportér,Na dálnici A4 nedaleko Drážďan v sobotu večer vzplanul obrněný transportér Stryker americké armády. Byl součástí vojenské kolony mířící na cvičení Saber Strike 26 v Polsku.,"Osmikolovému Strykeru vzplanul motor během jízdy po dálnici, když jeho konvoj, mířící na cvičení sil NATO, míjel sjezd na obec Wilsdruff, zmínil web Sächische Zeitung.
Transportér poté pod dohledem německé vojenské policie uhasily jednotky dobrovolný... [406 chars]",https://www.novinky.cz/clanek/zahranicni-evropa-americanum-u-drazdan-vzplanul-obrneny-transporter-40575387?noredirect=1,"https://d15-a.sdn.cz/d_15/c_img_qA_A/kcHp2YdDtBRc2Ut8gGc8t1O/8e02/drazdany-wilsdruff-hasici-stryker.jpeg?fl=cro,0,371,1080,607%7Cres,1200,,1%7Cwebp,75",2026-04-26T19:32:31Z,Novinky,https://www.novinky.cz,Nepal
Barış Alper'den Osimhen'e teşekkür: 'Bizim gibi oyuncular olduğu sürece şampiyonuz!',"Spor Haberleri - Galatasaray'da Barış Alper Yılmaz ve Yunus Akgün, 3-0 kazandıkları Fenerbahçe derbisinin ardından açıklamalarda bulundu.","Trendyol Süper Lig’in 31. haftasında Galatasaray, konuk ettiği Fenerbahçe’yi 3-0 mağlup etti. Mücadelenin ardından sarı-kırmızılılarda Barış Alper Yılmaz ve Yunus Akgün açıklamalar yaptı.
YUNUS AKGÜN: HİÇBİR ŞEY BİTMEDİ
Çok mutluyuz. Çok gururluyuz. ... [570 chars]",https://www.hurriyet.com.tr/sporarena/baris-alperden-osimhene-tesekkur-bizim-gibi-oyuncular-oldugu-surece-sampiyonuz-43159971,https://image.hurimg.com/i/hurriyet/90/0x0/69ee6843f93a20516183468e.jpg,2026-04-26T19:32:22Z,Hürriyet,https://www.hurriyet.com.tr,Nepal
Skogbrann i Fitjar: - Har sendt ut nødvarsel,"Brannmannskaper jobber med å slukke en kraftig brann på Fitjar. Politiet har sendt ut nødvarsel, og folk evakueres. - Det er ganske dramatisk, sier ordføreren.","Like sikkert som at hestehoven blomstrer om våren, er det at årets russekull begynner feiringen av 13 års skolegang. Dette er en tradisjon over det ganske land, fra nord til sør. For de aller fleste av oss er dette en «once in a lifetime» -opplevelse... [4876 chars]",https://www.dagbladet.no/nyheter/skogbrann-i-fitjar-har-sendt-ut-nodvarsel/84544619,https://www.dagbladet.no/images/84544625.jpg?imageId=84544625&x=0&y=0&cropw=100&croph=100&panox=0&panoy=0&panow=100&panoh=100&width=1200&height=683,2026-04-26T19:32:14Z,Dagbladet,https://www.dagbladet.no,Nepal
Hrôza pod Spišským hradom. Príbuzní počuli klopkanie a hlasy z hrobu,"BIJACOVCE - Nezvyčajný zásah riešili záchranné zložky v Bijacovciach na východe Slovenska. Príbuzní tvrdili, že z hrobu 60-ročného muža počujú klopanie a hlasy, na miesto preto privolali políciu aj hasičov, ktorí hrob napokon otvorili.","BIJACOVCE / Nezvyčajný zásah riešili záchranné zložky v Bijacovciach na východe Slovenska. Príbuzní tvrdili, že z hrobu 60-ročného muža počujú klopanie a hlasy, na miesto preto privolali políciu aj hasičov, ktorí hrob napokon otvorili.
Počuli hlasy a... [1201 chars]",https://www.noviny.sk/krimi/1200000-hroza-pod-spisskym-hradom-pribuzni-poculi-klopkanie-a-hlasy-z-hrobu,https://img.joj.sk/r1200x/c7305554-27e9-429c-9655-9e3461c2421d,2026-04-26T19:32:03Z,Noviny.sk,https://www.noviny.sk,Nepal
"DC gunman Cole Thomas Allen said in his manifesto that he would spare one Trump administration official, and it was...",US News: A gunman who attempted to attack the White House Correspondents’ Association event in Washington DC reportedly compiled a 1000-word manifesto in which.,"A gunman who attempted to attack the White House Correspondents’ Association event in Washington DC reportedly compiled a 1000-word manifesto in which he listed his intended targets, while singling out one Trump administration official he did not pla... [2030 chars]",https://timesofindia.indiatimes.com/world/us/dc-gunman-cole-thomas-allen-said-in-his-manifesto-that-he-would-spare-one-trump-administration-official-and-it-was-/articleshow/130538143.cms,"https://static.toiimg.com/thumb/msid-130539028,width-1280,height-720,imgsize-136742,resizemode-6,overlay-toi_sw,pt-32,y_pad-600/photo.jpg",2026-04-26T19:32:00Z,The Times of India,https://timesofindia.indiatimes.com,Nepal
Zema promete privatizar Petrobras e Banco do Brasil se for eleito,"Pré-candidato ao Planalto defende privatizações para reduzir dívida e ""cortar a corrupção pela raiz"". Leia no Poder360.","O ex-governador de Minas Gerais Romeu Zema (Novo) anunciou que pretende privatizar a Petrobras e o Banco do Brasil caso seja eleito presidente nas eleições de 2026. Em vídeo publicado em seu perfil no Instagram neste domingo (26.abr.2026), ele defend... [805 chars]",https://www.poder360.com.br/poder-eleicoes/zema-promete-privatizar-petrobras-e-banco-do-brasil-se-for-eleito/,https://static.poder360.com.br/2026/02/Zema-critica-STF-22-fev-2026-848x477.png,2026-04-26T19:31:16Z,Poder360,https://www.poder360.com.br,Nepal
"חי, רבע שלישי: פורטלנד - סן אנטוניו 43:58","דני אבדיה וחבריו פתחו את המשחק בצורה חלומית ועלו ל-19 הפרש ברבע השני, כשהישראלי ביכולת מצוינת. המארחים רוצים לקבוע 2:2 בסדרה ובכך להבטיח עוד משחק אחד באולמם הביתי","אחרי ההפסד המאכזב במשחק מספר 3, פורטלנד מארחת בשעה זו את סן אנטוניו למשחק הרביעי בסדרה ביניהן במסגרת הסיבוב הראשון של פלייאוף ה-NBA במערב.
במצב של 1:2 לספרס, דני אבדיה וחבריו מקווים להשוות ל-2:2 ובכך להבטיח משחק שישי בסדרה, שייערך באולמם הביתי. מנגד,... [1596 chars]",https://www.ynet.co.il/sport/worldbasketball/article/rypfyfj611l,https://ynet-pic1.yit.co.il/picserver6/crop_images/2026/04/24/rkHlsBOaWg/rkHlsBOaWg_0_66_1024_577_0_large.jpg,2026-04-26T19:31:10Z,ynet.co.il,https://www.ynet.co.il,Nepal
קו העימות: הלימודים יושבתו - מגבלת התקהלות לקראת ההילולה במירון,"החל מיום שלישי לא יפעלו מוסדות החינוך וההסעות תחת איום הירי • מעבר למדיניות ""כתומה"" בניגוד להנחיות המדינה","פורום ראשי רשויות קו העימות הודיע הערב (ראשון) על החלטה דרמטית: השבתה מיידית של מוסדות החינוך וההסעות ביישובים הנתונים לאיום ירי, ומעבר עצמאי למדיניות התגוננות ""כתומה"" החל מיום שלישי. כעת (בין ראשון לשני) רה""מ נתניהו הודיע כי בשל שבריריות הפסקת האש, ... [1365 chars]",https://www.israelhayom.co.il/news/local/article/20408242,https://www.israelhayom.co.il/wp-content/uploads/2026/03/11/11/1111111111-1280x853.jpg,2026-04-26T19:31:09Z,היום,https://www.israelhayom.co.il,Nepal
"DC gunman Cole Thomas Allen said in his manifesto that he would spare one Trump administration official, and it was...",US News: A gunman who attempted to attack the White House Correspondents’ Association event in Washington DC reportedly compiled a 1000-word manifesto in which.,"A gunman who attempted to attack the White House Correspondents’ Association event in Washington DC reportedly compiled a 1000-word manifesto in which he listed his intended targets, while singling out one Trump administration official he did not pla... [2030 chars]",https://timesofindia.indiatimes.com/world/us/dc-gunman-cole-thomas-allen-said-in-his-manifesto-that-he-would-spare-one-trump-administration-official-and-it-was-/articleshow/130538143.cms,"https://static.toiimg.com/thumb/msid-130539028,width-1280,height-720,imgsize-136742,resizemode-6,overlay-toi_sw,pt-32,y_pad-600/photo.jpg",2026-04-26T19:32:00Z,The Times of India,https://timesofindia.indiatimes.com,India
ఇనుములో ఓ హృదయం మొలిచెనే!,‘ఇనుములో ఓ హృదయం మొలిచెనే’ అంటూ రజనీకాంత్‌ రోబో సినిమాలో ఒక రోబో హీరోయిన్‌ ఐశ్యర్య రాయ్‌ వెంట పడ్డట్టు చైనాలోని ఒక యూనివర్సిటీలోనూ అలాంటి ఘటనే జరిగింది. నృత్య ప్రదర్శనలో పాల్గొన్న ఒక హ్యూమనాయిడ్‌ రోబో డాన్స్‌ చేస్తూ హఠాత్తుగా ఒక విద్యార్థిని దగ్గరకు వెళ్లి ఆమెను కౌగిలించుకుని అందరినీ గందరగోళంలోకి నెట్టేసింది.,‘ఇనుములో ఓ హృదయం మొలిచెనే’ అంటూ రజనీకాంత్‌ రోబో సినిమాలో ఒక రోబో హీరోయిన్‌ ఐశ్యర్య రాయ్‌ వెంట పడ్డట్టు చైనాలోని ఒక యూనివర్సిటీలోనూ అలాంటి ఘటనే జరిగింది. నృత్య ప్రదర్శనలో పాల్గొన్న ఒక హ్యూమనాయిడ్‌ రోబో డాన్స్‌ చేస్తూ హఠాత్తుగా ఒక విద్యార్థిని దగ్గరకు ... [1679 chars],https://www.ntnews.com/international/humanoid-robot-pulls-unexpected-move-hugs-student-at-china-university-event-2371219,https://d2e1hu1ktur9ur.cloudfront.net/wp-content/uploads/2026/04/01-749.jpg,2026-04-26T19:26:18Z,Namasthe Telangana,https://www.ntnews.com,India
LSG vs KKR: आऊट ऑफ फॉर्म पूरनला सुपर ओव्हरमध्ये का पाठवलं? मॅच गमावल्यानंतर पंतनं दिली न पटणारी कारणं,लखनौ सुपर जायट्ंस आणि कोलकाता नाईट रायडर्समध्ये सामना रंगला. हा सामना सुपर ओविहरमध्ये गेला आणि निकाल केकेआरच्या बाजूने लागला. सामना गमावल्यानंतर कर्णधार ऋषभ पंत काय म्हणाला जाणून घ्या...,"लखनौ: आयपीएल 2026 च्या 38 व्या सामन्यात कोलकाता नाईट रायडर्स आणि लखनौ सुपर जायंट्स यांच्यात एक रोमांचक लढत पाहायला मिळाली. लखनौ येथील एकाना क्रिकेट स्टेडियमवर खेळला गेलेला हा सामना सुपर ओव्हरपर्यंत गेला, ज्यात केकेआरने दणदणीत विजय मिळवला. आता सामना ग... [2221 chars]",https://maharashtratimes.com/sports/cricket/iplt20/news/rishabh-pant-reaction-on-lucknow-super-giants-loss-match-agaisnt-kkr-ipl-2026/articleshow/130538786.cms,https://static.langimg.com/mt/thumb/130538946/rishabh-pant-on-lsg-loss-against-kkr.jpg?imgsize=62294&width=1600&height=900&resizemode=75,2026-04-26T19:23:55Z,Maharashtra Times,https://maharashtratimes.com,India
अंग्रेज़ों के ख़िलाफ़ आज़ादी की लड़ाई में ग़दरियों का ईरान से क्या था कनेक्शन,ग़दर आंदोलन के क्रांतिकारियों ने भारत में ब्रिटिश शासन के ख़िलाफ़ बाहर से हमला शुरू करने की एक योजना बनाई जिसकी अहम कड़ी ईरान था.,"Author, अवतार सिंह
पदनाम, बीबीसी संवाददाता
6 घंटे पहले
पढ़ने का समय: 7 मिनट
ईरान–अमेरिका युद्ध के दौरान भारत के कई वर्गों, विशेष रूप से किसानों, सिखों और मुसलमानों ने ईरान के प्रति काफ़ी सहानुभूति जताई थी.
जहां भारतीय जनता का ईरानी संस्कृति और साहित्... [6329 chars]",https://www.bbc.com/hindi/articles/c3r3rw1d31go,https://ichef.bbci.co.uk/news/1024/branded_hindi/1de2/live/89f2c190-416b-11f1-ac78-2112837ce2aa.png,2026-04-26T19:18:45Z,BBC,https://www.bbc.com,India
బస్సు ఆపలేదని ఆర్టీసీ డ్రైవర్‌పై దాడి,"నల్లగొండ క్రైం, ఏప్రిల్‌ 26 (ఆంధ్రజ్యోతి): అడిగినచోట బస్సు ఆపలేదనే ఆగ్రహంతో ఓ వ్యక్తి ఆర్టీసీ డ్రైవర్‌పై దాడిచేశాడు.","నల్లగొండ క్రైం, ఏప్రిల్‌ 26 (ఆంధ్రజ్యోతి): అడిగినచోట బస్సు ఆపలేదనే ఆగ్రహంతో ఓ వ్యక్తి ఆర్టీసీ డ్రైవర్‌పై దాడిచేశాడు. డ్రైవింగ్‌ సీటులో ఉండగా చొక్కాపట్టుకుని బయటకులాగి తీవ్రంగా కొట్టాడు. ఆదివారం నల్లగొండ జిల్లా కేంద్రంలో ఈ సంఘటన జరిగింది. నల్లగొండ రూర... [1201 chars]",https://www.andhrajyothy.com/2026/telangana/nalgonda/rtc-driver-attacked-for-not-stopping-bus-1517635.html,https://www.andhrajyothy.com/assets/images/defaultImg.jpeg,2026-04-26T19:05:44Z,Andhrajyothy,https://www.andhrajyothy.com,India
నాన్‌వెజ్‌ వండలేదన్నందకు భర్తను చంపిన భార్య,నాన్‌వెజ్‌ వండలేదని ప్రశ్నించినందుకు భర్తను భార్య హతమార్చిన ఘటన కామారెడ్డి జిల్లా కేంద్రంలో చోటుచేసుకున్నది. పట్టణ సీఐ నరహరి తెలిపిన వివరాల ప్రకారం.. పట్టణంలోని గోసంగి కాలనీలో శివాజీ- లక్ష్మి దంపతులు కూలి పనులు చేస్తూ జీవనంసాగిస్తున్నారు. వీరికి ఇద్దరు పిల్లలు. శనివారం రాత్రి దంపతులు చిన్నపాటి గొడవ పడ్డారు.,నాన్‌వెజ్‌ వండలేదని ప్రశ్నించినందుకు భర్తను భార్య హతమార్చిన ఘటన కామారెడ్డి జిల్లా కేంద్రంలో చోటుచేసుకున్నది. పట్టణ సీఐ నరహరి తెలిపిన వివరాల ప్రకారం.. పట్టణంలోని గోసంగి కాలనీలో శివాజీ- లక్ష్మి దంపతులు కూలి పనులు చేస్తూ జీవనంసాగిస్తున్నారు. వీరికి ఇద్ద... [1692 chars],https://www.ntnews.com/telangana/wife-kills-husband-for-not-cooking-non-veg-food-2371274,https://d2e1hu1ktur9ur.cloudfront.net/wp-content/uploads/2026/04/01-754.jpg,2026-04-26T19:03:10Z,Namasthe Telangana,https://www.ntnews.com,India
"Rinku Singh: ৮৩ রান, পাঁচ ক্যাচ, LSG-র বিরুদ্ধে KKR-কে জিতিয়ে কী বললেন লখনউয়ের ঘরের ছেলে রিঙ্কু সিংহ?","LSG vs KKR: ম্যাচে নিজের আইপিএল কেরিয়ার সেরা অপরাজিত ৮৩ করার পর নির্ধারিত ২০ ওভারে চার এবং সুপার ওভারে একটি মোট, পাঁচটি ক্যাচ ধরেন রিঙ্কু।","লখনউ: আইপিএলে খেলেন তিনি কলকাতা নাইট রাইডার্সের হয়ে। তবে লখনউ তাঁর ঘর, উত্তরপ্রদেশের হয়েই তো ঘরোয়া ক্রিকেট খেলেন তিনি। আর সেই মাঠেই, সেই শহরেই জ্বলে উঠলেন রিঙ্কু সিংহ (Rinku Singh)। ব্যাটিং হোক বা ফিল্ডিং, লখনউ সুপার জায়ান্টসের বিরুদ্ধে ম্যাচে (LSG v... [1714 chars]",https://bengali.abplive.com/sports/ipl/ipl-2026-rinku-singh-adjudged-man-of-the-match-vs-lsg-talks-about-his-mindset-1175733,https://feeds.abplive.com/onecms/images/uploaded-images/2026/04/27/73b7b0c6e9fb204f87227100e882d2ee1777229896027507_original.jpg?impolicy=abp_cdn&imwidth=1200,2026-04-26T19:01:44Z,ABP Ananda,https://bengali.abplive.com,India
Angkrish Raghuvanshi Contrtoversial Out: রঘুবংশীর বিরুদ্ধে গভীর ষড়যন্ত্র! ইচ্ছে করেই অঙ্গকৃশকে আউট দিলেন আম্পায়ার?,"KKR vs LSG: লখনউ সুপার জায়ান্টসের বিরুদ্ধে ২০২৬ আইপিএল টুর্নামেন্টের ৩৮ নম্বর ম্য়াচে দুর্দান্ত ছন্দে ছিলেন কলকাতা নাইট রাইডার্সের তারকা ব্যাটার অঙ্গকৃশ রঘুবংশী। কিন্তু, বিতর্কিত রান আউটের শিকার হয়ে ফিরে যান।",Angkrish Raghuvanshi: লখনউ সুপার জায়ান্টসের (Lucknow Super Giants) বিরুদ্ধে ২০২৬ আইপিএল টুর্নামেন্টের (IPL 2026) ৩৮ নম্বর ম্য়াচে দুর্দান্ত ছন্দে ছিলেন কলকাতা নাইট রাইডার্সের (Kolkata Knight Riders) তারকা ব্যাটার অঙ্গকৃশ রঘুবংশী। ক্রিজ়ে মোটামুটি সেটও... [2330 chars],https://bengali.indianexpress.com/sports/angkrish-raghuvanshi-controversial-out-kkr-vs-lsg-obstructing-the-field-decision-11768822,https://img-cdn.publive.online/fit-in/1200x675/indian-express-bangla/media/media_files/2026/04/26/angkrish-raghuvanshi-2-2026-04-26-20-08-52.jpg,2026-04-26T19:00:37Z,Indian Express Bengali,https://bengali.indianexpress.com,India
"Apple iPhone 18 Pro Color Options Revealed, Beloved Shade Missing",Discover the new color options for Apple’s iPhone 18 Pro revealed today. Find out which popular shade is missing from the latest lineup.,"The iPhone 18 Pro is emerging as one of Apple’s most eagerly awaited launches, with recent revelations offering captivating glimpses into its design and available color schemes.
Industry insiders report four potential finishes: light blue, dark cherr... [4669 chars]",https://www.rswebsols.com/news/the-color-options-for-apples-iphone-18-pro-have-been-revealed-but-one-beloved-shade-is-absent/,https://cdn.rswebsols.com/wp-content/uploads/2026/02/red-iphone18-.jpg,2026-04-26T19:00:00Z,RS Web Solutions,https://www.rswebsols.com,India
India reels under severe heatwave; 98 of world’s hottest cities recorded in country,"Temperatures in many regions have surpassed 40°C, with some locations nearing 45°C, pointing to a trend of increasingly intense heatwaves.","India is witnessing severe heatwave conditions across several regions, with 98 of the world’s 100 hottest cities currently located in the country, raising concerns over the impact of rising temperatures.
According to data from AQI.in, India is experi... [1686 chars]",https://www.newindianexpress.com/nation/2026/Apr/26/india-reels-under-severe-heatwave-98-of-worlds-hottest-cities-recorded-in-country,https://media.newindianexpress.com/newindianexpress%2F2026-04-26%2F956rq2g8%2FAFP2024060234UP6JXv5HighResTopshotIndiaWeatherHeatwave.jpg?w=1200&ar=40%3A21&auto=format%2Ccompress&ogImage=true&mode=crop&enlarge=true&overlay=false&overlay_position=bottom&overlay_width=100,2026-04-26T18:56:22Z,The New Indian Express,https://www.newindianexpress.com,India
¿Contra quién jugaría Cruz Azul en la Liguilla 2026? Posibles rivales,El juego de La Máquina ante Necaxa terminará de definir cómo se juegan los Cuartos de Final del actual torneo de la Liga MX.,"La fase regular del torneo Clausura 2026 de la Liga MX llegará a su fin este domingo 26 de abril y que mejor manera de hacerlo que con un duelo que terminara de definir la Liguilla del campeonato azteca, misma que ya tiene confirmados a sus ocho invi... [1587 chars]",https://www.mediotiempo.com/futbol/liga-mx/cruz-azul-posibles-rivales-en-la-liguilla-del-clausura-2026,https://cdn2.mediotiempo.com/uploads/media/2026/04/26/cruz-azul-definira-queda-taba.jpg,2026-04-26T19:26:00Z,Mediotiempo,https://www.mediotiempo.com,USA
"Quarterback landing spots, 2026 NFL draft class rankings & Diego Pavia UDFA watch","The Raiders lead my too early (and too quick) ranking of draft classes, plus Diego Pavia among undrafted prospects to watch","It’s over. Already.
After three days, a record-setting 805,000 fans in attendance and 257 picks, the 2026 NFL Draft class is settled.
A few teams did better than others. Everyone did better than the Jaguars.
As we wait for Dane Brugler’s 32-team rank... [5078 chars]",https://www.nytimes.com/athletic/7232661/2026/04/26/quarterback-landing-spots-nfl-draft-class-rankings-diego-pavia-udfa/,https://static01.nyt.com/athletic/uploads/wp/2026/04/26151325/GettyImages-2272997974-1.jpg?width=1200&height=630&fit=cover,2026-04-26T19:23:50Z,The New York Times,https://www.nytimes.com,USA
Dónde y a qué hora ver partido Liga MX 2026 HOY,Conoce a qué hora y dónde ver en vivo el partido de Santos vs. Monterrey en la Jornada 17 del torneo Clausura 2026 en la Liga MX,"La actividad en la fase regular de la Liga MX finaliza este domingo 26 de abril, contando con los últimos partidos de la Jornada 17 en el torneo Clausura 2026 , donde la escuadra de Santos Laguna recibirá en el Estadio TSM Corona a los Rayados de Mon... [1881 chars]",https://www.mediotiempo.com/futbol/liga-mx/donde-ver-santos-vs-monterrey-horario-y-canal-partido-j17-liga-mx-2026,https://cdn2.mediotiempo.com/uploads/media/2026/04/23/rivalidad-santos-vs-monterrey-jornada.jpg,2026-04-26T19:16:24Z,Mediotiempo,https://www.mediotiempo.com,USA
Malian defense minister killed in attack as jihadi and rebel forces seized towns and military bases,"Mali's defense minister was killed in a sweeping attack by jihadis and rebels who seized several towns and military bases, authorities said Sunday.","DAKAR, Senegal (AP) — Mali's defense minister was killed in a sweeping attack by jihadis and rebels who seized several towns and military bases, authorities said Sunday, the latest violence in the junta-run country that has long battled militants lin... [5275 chars]",https://www.pbs.org/newshour/world/malian-defense-minister-killed-in-attack-as-jihadi-and-rebel-forces-seized-towns-and-military-bases,https://d3i6fh83elv35t.cloudfront.net/static/2026/04/2026-04-25T180853Z_951122055_RC2DWKAASYQQ_RTRMADP_3_MALI-SECURITY-1024x683.jpg,2026-04-26T19:14:37Z,PBS,https://www.pbs.org,USA
La pérdida auditiva avanza silenciosamente en Ecuador: detección tardía y riesgos en jóvenes,"Desde el nacimiento, la audición cumple un rol fundamental en el desarrollo humano.","La pérdida auditiva en Ecuador es más común de lo que se cree, pero sigue siendo una condición silenciosa que suele detectarse tarde. Se estima que alrededor del 5 % de la población vive con algún trastorno auditivo, mientras que a nivel regional una... [5518 chars]",https://www.eluniverso.com/larevista/salud/la-perdida-auditiva-avanza-silenciosamente-en-ecuador-deteccion-tardia-y-riesgos-en-jovenes-nota/,https://www.eluniverso.com/resizer/v2/6NPAJKL7RVBDBBPSXPSXCSRCWM.jpg?auth=1eeea260f19471e7abc932b6e5f21d3bee27c8d674fefff41694e046550c1d52&width=893&height=670&quality=75&smart=true,2026-04-26T19:06:05Z,El Universo,https://www.eluniverso.com,USA
"Who is Cole Allen, suspected White House Correspondents' dinner shooter? : NPR",The 31-year-old teacher and engineer from California sent an alleged message to family members saying that he wanted to target administration officials.,"Cole Allen, a 31-year old teacher and engineer from Torrance, California, has been identified as the man suspected of opening fire at the White House Correspondents' Dinner Saturday night, two sources familiar with the matter told NPR. The sources sp... [2586 chars]",https://www.npr.org/2026/04/26/g-s1-118826/cole-allen-suspected-white-house-correspondents-dinner-shooter-profile,https://npr.brightspotcdn.com/dims3/default/strip/false/crop/5943x3343+0+79/resize/1400/quality/85/format/jpeg/?url=http%3A%2F%2Fnpr-brightspot.s3.amazonaws.com%2Fee%2F86%2Ff56bf2244b22a2a523867337675a%2Fgettyimages-2272685949.jpg,2026-04-26T19:05:06Z,NPR,https://www.npr.org,USA
Actriz de “Wicked” es discriminada por aerolínea al depender de una silla de ruedas,"La joven que da vida a Nessarose, recurrió a su cuenta de TikTok para narrar la situación, cuando estaba por abordar un vuelo a Pensilvania","Marissa Bode, actriz de la película“Wicked”, fue objeto de discriminación cuando trató de abordar un vuelo y este no contar con las condiciones adecuadas para que pudiera subir a él, sin la necesidad de usar las escaleras, pues necesita de una silla ... [3288 chars]",https://www.elnuevodia.com/entretenimiento/farandula/notas/actriz-de-wicked-es-discriminada-por-aerolinea-al-depender-de-una-silla-de-ruedas/,https://www.elnuevodia.com/resizer/v2/JUNJIA764JAWLKY4UOWK3Q3OIM.jpg?auth=accb8a08b182fd3ba2b08be19f36d8b09dafd79fab2be8953e4aeb83a620ee26&quality=75&width=1200&height=717&focal=2464%2C1702,2026-04-26T18:59:00Z,Noticias de Puerto Rico hoy,https://www.elnuevodia.com,USA
Iran war: Live updates,"Iran President Masoud Pezeshkian said his country won’t negotiate while the United States imposes a blockade on its ports, according to Iranian media.","By the Associated Press
Pakistan’s foreign minister, Ishaq Dar, said late Sunday that the government has lifted all restrictions around the high-security zone in the capital of Islamabad.
Iranian and U.S. delegations held rare face-to-face talks ther... [13867 chars]",https://www.bostonglobe.com/2026/04/26/nation/us-iran-war-updates/,https://bostonglobe-prod.cdn.arcpublishing.com/resizer/v2/HFD5DRBGRVGEHDDUAEQ3GCWYRE.jpg?auth=ccb57113338c1147a04ce4817bd8ff80c0960b36e3fd1b4c5142d78b098d0d6a&width=1440,2026-04-26T18:58:26Z,The Boston Globe,https://www.bostonglobe.com,USA
At least 16 dead in strikes across Ukraine and Russia on Chernobyl anniversary,"Strikes across Ukraine, Russian-occupied territory and Russia killed at least 16 people, authorities said, as the 40th anniversary of the Chernobyl nuclear disaster​ prompted fresh warnings about the risks posed by attacks near the plant.","Strikes across Ukraine, Russian-occupied territory and Russia killed at least 16 people, authorities said, as the 40th anniversary of the Chernobyl nuclear disaster prompted fresh warnings about the risks posed by attacks near the plant during Russia... [3695 chars]",https://www.cbsnews.com/news/ukraine-russian-attacks-chernobyl-anniversary/,https://assets2.cbsnewsstatic.com/hub/i/r/2026/04/26/1ffac897-d3f0-4f21-b100-08a4fa8e1533/thumbnail/1200x630/37156da4878300697e04b4ac3c875048/ap26116200619309.jpg,2026-04-26T18:48:42Z,CBS News,https://www.cbsnews.com,USA
“La gente empezó a correr”: investigan muerte de un adulto mayor en una megatienda en Carolina,"La Policía indicó que el hombre, de 68 años, aparentemente falleció baleado por un guardia de seguridad","Carolina - La Policía investiga la muerte de un hombre de 68 años, a eso de las 2:00 p.m. de este domingo, quien habría sido baleado por un guardia de seguridad en la entrada de la megatienda Walmart, en el centro comercial Plaza Escorial.
Según la i... [2614 chars]",https://www.elnuevodia.com/noticias/seguridad/notas/investigan-muerte-de-adulto-mayor-en-un-walmart-en-carolina/,https://www.elnuevodia.com/resizer/v2/WNKBZDAXGVDRHIB5U7UIRR2IHY.JPG?auth=4d075ab657df833ce679d05c5c1bdf5ecebc0dcc1bb6a0944ebe2cf5ed436d7d&quality=75&width=1200&height=717&focal=3175%2C1194,2026-04-26T18:48:00Z,Noticias de Puerto Rico hoy,https://www.elnuevodia.com,USA
"UK faces higher prices for eight months after war in Iran ends, says minister","Darren Jones suggests cost of energy, food and flights will remain high after de-escalation and Hormuz strait reopens","The UK faces higher prices for food and fuel for at least eight months after the war in Iran ends, a minister has said.
The closure of the strait of Hormuz, a key shipping lane that carries a fifth of global oil and gas, has sent oil prices soaring s... [2604 chars]",https://www.theguardian.com/money/2026/apr/26/uk-faces-higher-pricesafter-war-iran-ends-darren-jones,"https://i.guim.co.uk/img/media/69c2d63858bddb5cb30f2a5b652d9e9a288c5284/587_0_5914_4734/master/5914.jpg?width=1200&height=630&quality=85&auto=format&fit=crop&precrop=40:21,offset-x50,offset-y0&overlay-align=bottom%2Cleft&overlay-width=100p&overlay-base64=L2ltZy9zdGF0aWMvb3ZlcmxheXMvdGctZGVmYXVsdC5wbmc&enable=upscale&s=14c95db67795d8c649a64544f00d3680",2026-04-26T19:27:00Z,The Guardian,https://www.theguardian.com,UK
Southport dad fighting for life 'just wants more time' with his three sons,The family are running out of options and need funding to give Leon a chance of having more time with his three sons,"The family are running out of options and need funding to give Leon a chance of having more time with his three sons
A family has gone from planning their future together to fighting for more time. Leon Skapars, 35, has been told he has no more than ... [4847 chars]",https://www.liverpoolecho.co.uk/news/liverpool-news/southport-dad-fighting-life-just-33840147,https://i2-prod.liverpoolecho.co.uk/article33841035.ece/ALTERNATES/s1200d/0_CaptureJPG.jpg,2026-04-26T19:21:00Z,Liverpool Echo,https://www.liverpoolecho.co.uk,UK
"Hibernian 1, Hearts 2: Instant reaction to the burning issues",Hearts came from behind to beat Hibernian at Easter Road this afternoon and surge three clear of Celtic in the Premiership with four matches left.,"Derek McInnes’s team fell behind to an early Martin Boyle effort – but David Gray’s side were reduced to nine men after goalkeeper Raphael Sallinger was sent off and then Felix Passlack was red carded.
A Warren O’Hora own goal drew Hearts level in th... [5940 chars]",https://www.heraldscotland.com/sport/26054278.hibernian-1-hearts-2-instant-reaction-burning-issues/,https://www.heraldscotland.com/resources/images/20838018.jpg?type=og-image,2026-04-26T19:18:08Z,The Herald,https://www.heraldscotland.com,UK
McFarlane delighted Chelsea stopped the rot by beating Leeds in FA Cup semi-final,Chelsea’s interim manager Calum McFarlane admitted they had to ‘break the momentum’ of five straight Premier League defeats without scoring as they held off Leeds to reach the FA Cup final,"Chelsea’s interim manager Calum McFarlane admitted they had to “break the momentum” of five straight Premier League defeats without scoring as they held off Leeds to reach the FA Cup final.
A header in the first half from Enzo Fernández proved decisi... [1710 chars]",https://www.theguardian.com/football/2026/apr/26/mcfarlane-chelsea-leeds-fa-cup-semi-final-farke,"https://i.guim.co.uk/img/media/b3d9a1de722ac70108c73d78566758f9bc972f9c/458_0_4965_3973/master/4965.jpg?width=1200&height=630&quality=85&auto=format&fit=crop&precrop=40:21,offset-x50,offset-y0&overlay-align=bottom%2Cleft&overlay-width=100p&overlay-base64=L2ltZy9zdGF0aWMvb3ZlcmxheXMvdGctZGVmYXVsdC5wbmc&enable=upscale&s=caa2cad58951c3987a622aa0b2c7703e",2026-04-26T19:18:00Z,The Guardian,https://www.theguardian.com,UK
Viral browser app forces you to stop scrolling with a giant cat you can’t remove,A viral browser extension called Cat Gatekeeper forces users to stop scrolling by sending a giant cat overlay onto their screen.,"A new browser extension designed to force users off social media has gone viral by sending a giant cat onto their screen when they scroll for too long.
Cat Gatekeeper is a Chrome extension from developer ZOKUZOKU that works like a digital break timer... [1853 chars]",https://www.dexerto.com/entertainment/viral-browser-app-forces-you-to-stop-scrolling-with-a-giant-cat-you-cant-remove-3356843/,https://www.dexerto.com/cdn-image/wp-content/uploads/2026/04/26/fat-cat-break-forcer.jpg,2026-04-26T19:14:26Z,Dexerto,https://www.dexerto.com,UK
Will doubters believe in Hearts' title chances now?,"Some have waited all season for Hearts to falter. Plenty thought it might be at Easter Road. But Derek McInnes' side are still going, writes Tom English.","One by one, the maroon waves started washing towards the away end at Easter Road.
In victory - late and glorious and possibly historic - Lawrence Shankland ran towards the Hearts fans and punched the air, an afternoon of frustration and relief pourin... [4807 chars]",https://www.bbc.co.uk/sport/football/articles/cnv8vm0eqgjo,https://ichef.bbci.co.uk/ace/branded_sport/1200/cpsprodpb/0a75/live/f65df990-41a1-11f1-9030-47a4fb432d46.jpg,2026-04-26T19:02:10Z,BBC,https://www.bbc.co.uk,UK
"Team News: Man United vs. Brentford injury, suspension list, predicted XIs",Sports Mole rounds up all of the latest injury and suspension news ahead of the Premier League clash between Manchester United and Brentford.,"Manchester United will continue their Premier League campaign against Brentford on Monday night.
Michael Carrick's side are third in the Premier League table, while Brentford occupy ninth, and here Sports Mole rounds up the team news for the two side... [463 chars]",https://www.sportsmole.co.uk/football/man-utd/injury-news/team-news/man-united-vs-brentford-injury-suspension-list-predicted-xis_596443.html,https://www.sportsmole.co.uk/thumbor/rMApuAM9zLU07bjgGMw7SOBXV90=/720x410/smart/filters:format(webp)/https%3A%2F%2Fsportsmole-media-prod.s3.gra.io.cloud.ovh.net%2Fuploads%2F2026%2F01%2Fimago1071796261-1-697c847aa328a063905256.jpg,2026-04-26T19:00:00Z,Sports Mole,https://www.sportsmole.co.uk,UK
Assault in lane close to M1 prompts police appeal,"A description of the attacker, a man in his 50s, with grey hair and beard, has been issued.","The sexual assault of a woman in a lane close to the M1 in Leicestershire has prompted an appeal from police.
Officers said the victim, who is in her 20s, was in Baines Lane - an access road off the A47 Hinckley Road, near the southbound M1 Leicester... [604 chars]",https://www.bbc.co.uk/news/articles/c1l9lj6q47ro,https://ichef.bbci.co.uk/ace/branded_news/1200/cpsprodpb/4048/live/1fc6cff0-419d-11f1-898f-fb655503455a.jpg,2026-04-26T18:43:15Z,BBC,https://www.bbc.co.uk,UK
"Trump and officials 'likely' targets of press dinner shooting suspect, authorities believe","The suspect is expected to be charged with assault of a federal officer and using a firearm during a crime of violence, officials have said.","US President Donald Trump and his officials were the ""likely"" targets of a suspected gunman who attempted to storm the White House Correspondents' Dinner, acting US Attorney General Todd Blanche has said.
The suspect, named by US media as 31-year-old... [4381 chars]",https://www.bbc.co.uk/news/articles/c2d8dg57rzdo,https://ichef.bbci.co.uk/ace/branded_news/1200/cpsprodpb/8b9d/live/566dacb0-41aa-11f1-ac78-2112837ce2aa.jpg,2026-04-26T18:37:26Z,BBC,https://www.bbc.co.uk,UK
Burnham allies urge Rayner to strike Blair-Brown style leadership pact,Labour sources claim the pair discussed the idea at a secret summit,"Andy Burnham’s allies have told Angela Rayner to strike a leadership pact in which she would succeed him in Downing Street.
The proposal, which two Labour sources claimed was discussed when Mr Burnham visited her constituency home this month, would m... [4899 chars]",https://www.telegraph.co.uk/politics/2026/04/26/burnham-allies-urge-rayner-blair-brown-pact-leader/,https://www.telegraph.co.uk/content/dam/briefs/2026/04/26/TELEMMGLPICT000478344089_17772219577240_trans_NvBQzQNjv4BqpVlberWd9EgFPZtcLiMQf0Rf_Wk3V23H2268P_XkPxc.jpeg?impolicy=OG-Standard,2026-04-26T18:25:00Z,The Telegraph,https://www.telegraph.co.uk,UK
Donald Trump says Washington shooter's 'manifesto' shows he is a 'sick guy',"Several US media outlets are reporting on the existence of the manifesto, which reportedly states the shooter wanted to target administration officials and was sent to the suspect's family members just before the attack.","US President Donald Trump says a ""manifesto"" apparently written by the shooter at the White House correspondents' dinner reveals he is a ""sick guy"".
Several US media outlets have reported on the existence of the manifesto, which reportedly states the... [3797 chars]",https://www.abc.net.au/news/2026-04-27/donald-trump-white-house-correspondents-dinner-shooter-manifesto/106609766,https://live-production.wcms.abc-cdn.net.au/edb82b71917acc198bbae15e6e044fe0?impolicy=wcms_watermark_news&cropH=557&cropW=990&xPos=180&yPos=26&width=862&height=485&imformat=generic,2026-04-26T19:10:17Z,Australian Broadcasting Corporation,https://www.abc.net.au,Australia
Melbourne luxury fashion doyenne’s unique home hits the market,The property listing for Georgina Weir’s rural home provides a glimpse into the life and style of the late high priestess of fashion.,"April 27, 2026 — 5:00am
You have reached your maximum number of saved items.
Remove items from your saved list to add more.
Save this article for later
Add articles to your saved list and come back to them anytime.
The picturesque rural home of Melbo... [5598 chars]",https://www.theage.com.au/national/victoria/melbourne-luxury-fashion-doyenne-s-unique-home-hits-the-market-20260426-p5zr4d.html,https://static.ffx.io/images/$zoom_1%2C$multiply_0.7554%2C$ratio_1.777778%2C$width_1059%2C$x_518%2C$y_497/t_crop_custom/q_86%2Cf_auto/84c1deb65e9d57fa23747c18ca8e63145e063fc5,2026-04-26T19:00:00Z,The Age,https://www.theage.com.au,Australia
Group secures flight tickets to Australia,"The group, which includes four women and nine children, are all Australian citizens who left al-Roj camp in north-eastern Syria on Saturday.","April 27, 2026 — 5:00am
You have reached your maximum number of saved items.
Remove items from your saved list to add more.
Save this article for later
Add articles to your saved list and come back to them anytime.
A group of women and children linke... [5280 chars]",https://www.smh.com.au/national/nsw/ticket-to-ride-australian-is-brides-secure-flights-home-20260426-p5zr5n.html,https://static.ffx.io/images/$zoom_0.30018074074074075%2C$multiply_0.7554%2C$ratio_1.777778%2C$width_1059%2C$x_207%2C$y_80/t_crop_custom/q_86%2Cf_auto/5002812cbbb166a6919a2d189bcbf307d6ab28f9,2026-04-26T19:00:00Z,SMH.com.au,https://www.smh.com.au,Australia
Now is not the time for supermarkets to cash in on inflation,Rising food prices are generally good news for supermarket profits. But there are good reasons why the two giants should absorb some of the food inflation.,"Advertisement
Opinion
Coles and Woolies need to eat some of the food price rise pain
Clancy YeatesDeputy business editor
April 27, 2026 — 5:00am
April 27, 2026 — 5:00am
You have reached your maximum number of saved items.
Remove items from your saved... [6527 chars]",https://www.theage.com.au/business/companies/supermarket-giants-should-absorb-some-of-the-food-inflation-hit-20260423-p5zqm2.html,https://static.ffx.io/images/$zoom_0.353%2C$multiply_0.7554%2C$ratio_1.777778%2C$width_1059%2C$x_0%2C$y_55/t_crop_custom/q_86%2Cf_auto/t_metro_opinion_no_age_social_wm/0c76de1f1464b9b6eeccf173b2f339f28601f8ab,2026-04-26T19:00:00Z,The Age,https://www.theage.com.au,Australia
Group secures flight tickets to Australia,"The group, which includes four women and nine children, are all Australian citizens who left al-Roj camp in north-eastern Syria on Saturday.","April 27, 2026 — 5:00am
You have reached your maximum number of saved items.
Remove items from your saved list to add more.
Save this article for later
Add articles to your saved list and come back to them anytime.
A group of women and children linke... [5280 chars]",https://www.theage.com.au/national/nsw/ticket-to-ride-australian-is-brides-secure-flights-home-20260426-p5zr5n.html,https://static.ffx.io/images/$zoom_0.30018074074074075%2C$multiply_0.7554%2C$ratio_1.777778%2C$width_1059%2C$x_207%2C$y_80/t_crop_custom/q_86%2Cf_auto/5002812cbbb166a6919a2d189bcbf307d6ab28f9,2026-04-26T19:00:00Z,The Age,https://www.theage.com.au,Australia
dollar industry operating on the fringe of regulation,"""Rewards clubs"" have exploded in Australia, claiming to have given away hundreds of millions in prizes, but they operate with almost no legal scrutiny.","Despite the flashing lights, the wads of cash and seemingly endless supply of Italian sports cars, this isn't Vegas.
It is just one of Australia's many ""rewards clubs"" popping up all over the country, claiming to have given away millions in prizes.
T... [8844 chars]",https://www.abc.net.au/news/2026-04-27/wild-west-of-rewards-clubs-operating-on-fringe-of-regulation/106577042,https://live-production.wcms.abc-cdn.net.au/a4dffbc99f80d45b7b9107516961ac93?impolicy=wcms_watermark_news&cropH=576&cropW=1024&xPos=0&yPos=257&width=862&height=485&imformat=generic,2026-04-26T18:56:34Z,abc.net.au,https://www.abc.net.au,Australia
‘Less sexy’: Grim stats reveal young Aussies abandoning apprenticeships in key trades,"The number of young Aussies taking up apprenticeships has continued to plummet, fresh data has revealed, with the Federal Government urged to reverse harsh cuts to support payments or face further worker shortages in key industries.","In the 12 months to September 2025, trade apprentice commencements fell nearly 10 per cent, while non-trade commencements (traineeships) were down just over 18 per cent, according to the National Centre for Vocational Education Research (NCVER).
The ... [9762 chars]",https://www.news.com.au/finance/work/careers/less-sexy-grim-stats-reveal-young-aussies-abandoning-apprenticeships-in-key-trades/news-story/4da580c4f0d649f77ebf7613634aec49,https://content.api.news/v3/images/bin/4fcea71ac50773e272f5414c0c3dd4d0,2026-04-26T18:53:33Z,news.com.au,https://www.news.com.au,Australia
"""I’m sure they had their reasoning : Abbey Gelmi on Seven sacking",Offsiders host reflects on being made redundant during maternity leave.,"Offsiders host Abbey Gelmi has spoken about being etrenched from Seven in 2025 whilst she was on maternity leave.
“My son, Ollie, was born in November [2024], and in February [2025] I was sat down by Seven and told my contract wasn’t being renewed an... [613 chars]",https://tvtonight.com.au/2026/04/im-sure-they-had-their-reasoning-abbey-gelmi-on-seven-sacking.html,https://i0.wp.com/tvtonight.com.au/wp-content/uploads/Offsiders-Abbey-Gelmi-1.jpg?fit=1040%2C700&ssl=1,2026-04-26T18:49:41Z,TV Tonight | Australia's Leading TV Blog,https://tvtonight.com.au,Australia
"Average is the enemy: Treating video as equal blunts impact; live, on-demand split can double outcomes, Kantar, Adgile research finds","Marketers have spent years smoothing video into sameness. New evidence suggests that is precisely the problem. Treating live and on-demand viewing as interchangeable dulls impact; recognising their psychological differences, and the overlooked power of repeats, can sharply amplify both brand fame and commercial returns.","In video planning, we’ve become addicted to creating a level playing field. To navigate a fragmented landscape, our cross-screen models are designed to homogenise video, using blunt metrics like reach to assume that every video impact has the same ad... [5220 chars]",https://www.mi-3.com.au/21-04-2026/average-enemy-treating-video-equal-blunts-impact-live-demand-split-can-double-outcomes,http://www.mi-3.com.au/sites/default/files/2026-04/Market%20Voice_Nine_270826_Lead%20Image%207.jpg,2026-04-26T18:46:18Z,Mi-3.com.au,https://www.mi-3.com.au,Australia
"China's 'quirky' fix for property crisis rewards marathon runners, AI experts and tennis players","Local governments in China are offering marathon runners, AI experts and tennis players subsidies to purchase unwanted properties amid a lingering real estate downturn.","What do marathon runners, AI experts and tennis players have in common?
In China, they have all become the target of creative housing subsidies.
Earlier this month, a social media account for the government of Nanjing — a capital city of China in imp... [4708 chars]",https://www.abc.net.au/news/2026-04-27/chinese-marathon-runners-offered-subsidies-buy-property/106597978,https://live-production.wcms.abc-cdn.net.au/d654c98cea933808deabfc465384492a?impolicy=wcms_watermark_news&cropH=253&cropW=450&xPos=0&yPos=55&width=862&height=485&imformat=generic,2026-04-26T18:44:40Z,abc.net.au,https://www.abc.net.au,Australia
