id,title,body
1,sunt aut facere repellat provident occaecati excepturi optio reprehenderit,"quia et suscipit
suscipit recusandae consequuntur expedita et cum
reprehenderit molestiae ut ut quas totam
nostrum rerum est autem sunt rem eveniet architecto"
3,ea molestias quasi exercitationem repellat qui ipsa sit aut,"et iusto sed quo iure
voluptatem occaecati omnis eligendi aut ad
voluptatem doloribus vel accusantium quis pariatur
molestiae porro eius odio et labore et velit aut"
6,dolorem eum magni eos aperiam quia,"ut aspernatur corporis harum nihil quis provident sequi
mollitia nobis aliquid molestiae
perspiciatis et ea nemo ab reprehenderit accusantium quas
voluptate dolores velit et doloremque molestiae"
9,nesciunt iure omnis dolorem tempora et accusantium,"consectetur animi nesciunt iure dolore
enim quia ad
veniam autem ut quam aut nobis
et est aut quod aut provident voluptas autem voluptas"
11,et ea vero quia laudantium autem,"delectus reiciendis molestiae occaecati non minima eveniet qui voluptatibus
accusamus in eum beatae sit
vel qui neque voluptates ut commodi qui incidunt
ut animi commodi"
12,in quibusdam tempore odit est dolorem,"itaque id aut magnam
praesentium quia et ea odit et ea voluptas et
sapiente quia nihil amet occaecati quia id voluptatem
incidunt ea est distinctio odio"
13,dolorum ut in voluptas mollitia et saepe quo animi,"aut dicta possimus sint mollitia voluptas commodi quo doloremque
iste corrupti reiciendis voluptatem eius rerum
sit cumque quod eligendi laborum minima
perferendis recusandae assumenda consectetur porro architecto ipsum ipsam"
16,sint suscipit perspiciatis velit dolorum rerum ipsa laboriosam odio,"suscipit nam nisi quo aperiam aut
asperiores eos fugit maiores voluptatibus quia
voluptatem quis ullam qui in alias quia est
consequatur magni mollitia accusamus ea nisi voluptate dicta"
17,fugit voluptas sed molestias voluptatem provident,"eos voluptas et aut odit natus earum
aspernatur fuga molestiae ullam
deserunt ratione qui eos
qui nihil ratione nemo velit ut aut id quo"
18,voluptate et itaque vero tempora molestiae,"eveniet quo quis
laborum totam consequatur non dolor
ut et est repudiandae
est voluptatem vel debitis et magnam"
19,adipisci placeat illum aut reiciendis qui,"illum quis cupiditate provident sit magnam
ea sed aut omnis
veniam maiores ullam consequatur atque
adipisci quo iste expedita sit quos voluptas"
21,asperiores ea ipsam voluptatibus modi minima quia sint,"repellat aliquid praesentium dolorem quo
sed totam minus non itaque
nihil labore molestiae sunt dolor eveniet hic recusandae veniam
tempora et tenetur expedita sunt"
22,dolor sint quo a velit explicabo quia nam,"eos qui et ipsum ipsam suscipit aut
sed omnis non odio
expedita earum mollitia molestiae aut atque rem suscipit
nam impedit esse"
24,autem hic labore sunt dolores incidunt,"enim et ex nulla
omnis voluptas quia qui
voluptatem consequatur numquam aliquam sunt
totam recusandae id dignissimos aut sed asperiores deserunt"
26,est et quae odit qui non,"similique esse doloribus nihil accusamus
omnis dolorem fuga consequuntur reprehenderit fugit recusandae temporibus
perspiciatis cum ut laudantium
omnis aut molestiae vel vero"
27,quasi id et eos tenetur aut quo autem,"eum sed dolores ipsam sint possimus debitis occaecati
debitis qui qui et
ut placeat enim earum aut odit facilis
consequatur suscipit necessitatibus rerum sed inventore temporibus consequatur"
28,delectus ullam et corporis nulla voluptas sequi,"non et quaerat ex quae ad maiores
maiores recusandae totam aut blanditiis mollitia quas illo
ut voluptatibus voluptatem
similique nostrum eum"
29,iusto eius quod necessitatibus culpa ea,"odit magnam ut saepe sed non qui
tempora atque nihil
accusamus illum doloribus illo dolor
eligendi repudiandae odit magni similique sed cum maiores"
31,ullam ut quidem id aut vel consequuntur,"debitis eius sed quibusdam non quis consectetur vitae
impedit ut qui consequatur sed aut in
quidem sit nostrum et maiores adipisci atque
quaerat voluptatem adipisci repudiandae"
35,id nihil consequatur molestias animi provident,"nisi error delectus possimus ut eligendi vitae
placeat eos harum cupiditate facilis reprehenderit voluptatem beatae
modi ducimus quo illum voluptas eligendi
et nobis quia fugit"
36,fuga nam accusamus voluptas reiciendis itaque,"ad mollitia et omnis minus architecto odit
voluptas doloremque maxime aut non ipsa qui alias veniam
blanditiis culpa aut quia nihil cumque facere et occaecati
qui aspernatur quia eaque ut aperiam inventore"
37,provident vel ut sit ratione est,"debitis et eaque non officia sed nesciunt pariatur vel
voluptatem iste vero et ea
numquam aut expedita ipsum nulla in
voluptates omnis consequatur aut enim officiis in quam qui"
38,explicabo et eos deleniti nostrum ab id repellendus,"animi esse sit aut sit nesciunt assumenda eum voluptas
quia voluptatibus provident quia necessitatibus ea
rerum repudiandae quia voluptatem delectus fugit aut id quia
ratione optio eos iusto veniam iure"
39,eos dolorem iste accusantium est eaque quam,"corporis rerum ducimus vel eum accusantium
maxime aspernatur a porro possimus iste omnis
est in deleniti asperiores fuga aut
voluptas sapiente vel dolore minus voluptatem incidunt ex"
42,commodi ullam sint et excepturi error explicabo praesentium voluptas,"odio fugit voluptatum ducimus earum autem est incidunt voluptatem
odit reiciendis aliquam sunt sequi nulla dolorem
non facere repellendus voluptates quia
ratione harum vitae ut"
43,eligendi iste nostrum consequuntur adipisci praesentium sit beatae perferendis,"similique fugit est
illum et dolorum harum et voluptate eaque quidem
exercitationem quos nam commodi possimus cum odio nihil nulla
dolorum exercitationem magnam ex et a et distinctio debitis"
45,ut numquam possimus omnis eius suscipit laudantium iure,"est natus reiciendis nihil possimus aut provident
ex et dolor
repellat pariatur est
nobis rerum repellendus dolorem autem"
46,aut quo modi neque nostrum ducimus,"voluptatem quisquam iste
voluptatibus natus officiis facilis dolorem
quis quas ipsam
vel et voluptatum in aliquid"
48,ut voluptatem illum ea doloribus itaque eos,"voluptates quo voluptatem facilis iure occaecati
vel assumenda rerum officia et
illum perspiciatis ab deleniti
laudantium repellat ad ut et autem reprehenderit"
49,laborum non sunt aut ut assumenda perspiciatis voluptas,"inventore ab sint
natus fugit id nulla sequi architecto nihil quaerat
eos tenetur in in eum veritatis non
quibusdam officiis aspernatur cumque aut commodi aut"
50,repellendus qui recusandae incidunt voluptates tenetur qui omnis exercitationem,"error suscipit maxime adipisci consequuntur recusandae
voluptas eligendi et est et voluptates
quia distinctio ab amet quaerat molestiae et vitae
adipisci impedit sequi nesciunt quis consectetur"
51,soluta aliquam aperiam consequatur illo quis voluptas,"sunt dolores aut doloribus
dolore doloribus voluptates tempora et
doloremque et quo
cum asperiores sit consectetur dolorem"
52,qui enim et consequuntur quia animi quis voluptate quibusdam,"iusto est quibusdam fuga quas quaerat molestias
a enim ut sit accusamus enim
temporibus iusto accusantium provident architecto
soluta esse reprehenderit qui laborum"
54,sit asperiores ipsam eveniet odio non quia,"totam corporis dignissimos
vitae dolorem ut occaecati accusamus
ex velit deserunt
et exercitationem vero incidunt corrupti mollitia"
55,sit vel voluptatem et non libero,"debitis excepturi ea perferendis harum libero optio
eos accusamus cum fuga ut sapiente repudiandae
et ut incidunt omnis molestiae
nihil ut eum odit"
58,voluptatum itaque dolores nisi et quasi,"veniam voluptatum quae adipisci id
et id quia eos ad et dolorem
aliquam quo nisi sunt eos impedit error
ad similique veniam"
59,qui commodi dolor at maiores et quis id accusantium,"perspiciatis et quam ea autem temporibus non voluptatibus qui
beatae a earum officia nesciunt dolores suscipit voluptas et
animi doloribus cum rerum quas et magni
et hic ut ut commodi expedita sunt"
60,consequatur placeat omnis quisquam quia reprehenderit fugit veritatis facere,"asperiores sunt ab assumenda cumque modi velit
qui esse omnis
voluptate et fuga perferendis voluptas
illo ratione amet aut et omnis"
61,voluptatem doloribus consectetur est ut ducimus,"ab nemo optio odio
delectus tenetur corporis similique nobis repellendus rerum omnis facilis
vero blanditiis debitis in nesciunt doloribus dicta dolores
magnam minus velit"
63,voluptas blanditiis repellendus animi ducimus error sapiente et suscipit,"enim adipisci aspernatur nemo
numquam omnis facere dolorem dolor ex quis temporibus incidunt
ab delectus culpa quo reprehenderit blanditiis asperiores
accusantium ut quam in voluptatibus voluptas ipsam dicta"
64,et fugit quas eum in in aperiam quod,"id velit blanditiis
eum ea voluptatem
molestiae sint occaecati est eos perspiciatis
incidunt a error provident eaque aut aut qui"
65,consequatur id enim sunt et et,"voluptatibus ex esse
sint explicabo est aliquid cumque adipisci fuga repellat labore
molestiae corrupti ex saepe at asperiores et perferendis
natus id esse incidunt pariatur"
67,aliquid eos sed fuga est maxime repellendus,"reprehenderit id nostrum
voluptas doloremque pariatur sint et accusantium quia quod aspernatur
et fugiat amet
non sapiente et consequatur necessitatibus molestiae"
68,odio quis facere architecto reiciendis optio,"magnam molestiae perferendis quisquam
qui cum reiciendis
quaerat animi amet hic inventore
ea quia deleniti quidem saepe porro velit"
71,et iusto veniam et illum aut fuga,"occaecati a doloribus
iste saepe consectetur placeat eum voluptate dolorem et
qui quo quia voluptas
rerum ut id enim velit est perferendis"
72,sint hic doloribus consequatur eos non id,"quam occaecati qui deleniti consectetur
consequatur aut facere quas exercitationem aliquam hic voluptas
neque id sunt ut aut accusamus
sunt consectetur expedita inventore velit"
73,consequuntur deleniti eos quia temporibus ab aliquid at,"voluptatem cumque tenetur consequatur expedita ipsum nemo quia explicabo
aut eum minima consequatur
tempore cumque quae est et
et in consequuntur voluptatem voluptates aut"
74,enim unde ratione doloribus quas enim ut sit sapiente,"odit qui et et necessitatibus sint veniam
mollitia amet doloremque molestiae commodi similique magnam et quam
blanditiis est itaque
quo et tenetur ratione occaecati molestiae tempora"
75,dignissimos eum dolor ut enim et delectus in,"commodi non non omnis et voluptas sit
autem aut nobis magnam et sapiente voluptatem
et laborum repellat qui delectus facilis temporibus
rerum amet et nemo voluptate expedita adipisci error dolorem"
76,doloremque officiis ad et non perferendis,"ut animi facere
totam iusto tempore
molestiae eum aut et dolorem aperiam
quaerat recusandae totam odio"
79,pariatur consequatur quia magnam autem omnis non amet,"libero accusantium et et facere incidunt sit dolorem
non excepturi qui quia sed laudantium
quisquam molestiae ducimus est
officiis esse molestiae iste et quos"
80,labore in ex et explicabo corporis aut quas,"ex quod dolorem ea eum iure qui provident amet
quia qui facere excepturi et repudiandae
asperiores molestias provident
minus incidunt vero fugit rerum sint sunt excepturi provident"
81,tempora rem veritatis voluptas quo dolores vero,"facere qui nesciunt est voluptatum voluptatem nisi
sequi eligendi necessitatibus ea at rerum itaque
harum non ratione velit laboriosam quis consequuntur
ex officiis minima doloremque voluptas ut aut"
82,laudantium voluptate suscipit sunt enim enim,"ut libero sit aut totam inventore sunt
porro sint qui sunt molestiae
consequatur cupiditate qui iste ducimus adipisci
dolor enim assumenda soluta laboriosam amet iste delectus hic"
83,odit et voluptates doloribus alias odio et,"est molestiae facilis quis tempora numquam nihil qui
voluptate sapiente consequatur est qui
necessitatibus autem aut ipsa aperiam modi dolore numquam
reprehenderit eius rem quibusdam"
84,optio ipsam molestias necessitatibus occaecati facilis veritatis dolores aut,"sint molestiae magni a et quos
eaque et quasi
ut rerum debitis similique veniam
recusandae dignissimos dolor incidunt consequatur odio"
85,dolore veritatis porro provident adipisci blanditiis et sunt,"similique sed nisi voluptas iusto omnis
mollitia et quo
assumenda suscipit officia magnam sint sed tempora
enim provident pariatur praesentium atque animi amet ratione"
89,sint soluta et vel magnam aut ut sed qui,"repellat aut aperiam totam temporibus autem et
architecto magnam ut
consequatur qui cupiditate rerum quia soluta dignissimos nihil iure
tempore quas est"
90,ad iusto omnis odit dolor voluptatibus,"minus omnis soluta quia
qui sed adipisci voluptates illum ipsam voluptatem
eligendi officia ut in
eos soluta similique molestias praesentium blanditiis"
94,qui qui voluptates illo iste minima,"aspernatur expedita soluta quo ab ut similique
expedita dolores amet
sed temporibus distinctio magnam saepe deleniti
omnis facilis nam ipsum natus sint similique omnis"
95,id minus libero illum nam ad officiis,"earum voluptatem facere provident blanditiis velit laboriosam
pariatur accusamus odio saepe
cumque dolor qui a dicta ab doloribus consequatur omnis
corporis cupiditate eaque assumenda ad nesciunt"
96,quaerat velit veniam amet cupiditate aut numquam ut sequi,"in non odio excepturi sint eum
labore voluptates vitae quia qui et
inventore itaque rerum
veniam non exercitationem delectus aut"
97,quas fugiat ut perspiciatis vero provident,"eum non blanditiis soluta porro quibusdam voluptas
vel voluptatem qui placeat dolores qui velit aut
vel inventore aut cumque culpa explicabo aliquid at
perspiciatis est et voluptatem dignissimos dolor itaque sit nam"
99,temporibus sit alias delectus eligendi possimus magni,"quo deleniti praesentium dicta non quod
aut est molestias
molestias et officia quis nihil
itaque dolorem quia"
100,at nam consequatur ea labore ea harum,"cupiditate quo est a modi nesciunt soluta
ipsa voluptas error itaque dicta in
autem qui minus magnam et distinctio eum
accusamus ratione error aut"
